t_fs,rho10_abs,rho20_abs,rho12_abs,rho22_pop
0.000000000000000000e+00,1.000000000000000000e+00,1.000000000000000000e+00,1.000000000000000000e+00,1.000000000000000000e+00
2.000000000000000000e+00,9.985290432462700094e-01,9.935532753089969527e-01,9.943069958065471337e-01,9.900586355291638441e-01
4.000000000000000000e+00,9.970602502063113937e-01,9.871481108772355295e-01,9.886464019098408773e-01,9.802161017858697090e-01
6.000000000000000000e+00,9.955936176973947394e-01,9.807842387771662507e-01,9.830180337979260718e-01,9.704714162578340630e-01
8.000000000000000000e+00,9.941291425414722216e-01,9.744613928084948640e-01,9.774217080092746368e-01,9.608236062002863953e-01
1.000000000000000000e+01,9.926668215651710536e-01,9.681793084870471411e-01,9.718572421268059092e-01,9.512717085388662230e-01
1.200000000000000000e+01,9.912066515997861593e-01,9.619377230337053941e-01,9.663244547719403998e-01,9.418147697734862156e-01
1.400000000000000000e+01,9.897486294812732899e-01,9.557363753634167125e-01,9.608231655986876341e-01,9.324518458831513312e-01
1.600000000000000000e+01,9.882927520502428065e-01,9.495750060742716991e-01,9.553531952877676314e-01,9.231820022317229757e-01
1.800000000000000000e+01,9.868390161519521309e-01,9.434533574366532616e-01,9.499143655407658038e-01,9.140043134746211884e-01
2.000000000000000000e+01,9.853874186362991949e-01,9.373711733824566794e-01,9.445064990743210487e-01,9.049178634664535315e-01
2.200000000000000000e+01,9.839379563578155574e-01,9.313281994943775066e-01,9.391294196143473716e-01,8.959217451695631329e-01
2.400000000000000000e+01,9.824906261756597425e-01,9.253241829952696396e-01,9.337829518902879267e-01,8.870150605634848917e-01
2.600000000000000000e+01,9.810454249536102456e-01,9.193588727375718861e-01,9.284669216294016980e-01,8.781969205553025182e-01
2.800000000000000000e+01,9.796023495600588715e-01,9.134320191928018140e-01,9.231811555510831546e-01,8.694664448908963061e-01
3.000000000000000000e+01,9.781613968680037408e-01,9.075433744411188774e-01,9.179254813612142128e-01,8.608227620670736435e-01
3.200000000000000000e+01,9.767225637550428496e-01,9.016926921609530465e-01,9.126997277465475067e-01,8.522650092445730463e-01
3.400000000000000000e+01,9.752858471033668541e-01,8.958797276187020486e-01,9.075037243691230771e-01,8.437923321619321682e-01
3.600000000000000000e+01,9.738512437997528526e-01,8.901042376584934468e-01,9.023373018607155904e-01,8.354038850502135682e-01
3.800000000000000000e+01,9.724187507355572802e-01,8.843659806920139976e-01,8.972002918173135333e-01,8.270988305485768022e-01
4.000000000000000000e+01,9.709883648067091366e-01,8.786647166884036242e-01,8.920925267936303804e-01,8.188763396206910627e-01
4.200000000000000000e+01,9.695600829137035470e-01,8.730002071642153361e-01,8.870138402976462944e-01,8.107355914719776013e-01
4.400000000000000000e+01,9.681339019615945451e-01,8.673722151734389874e-01,8.819640667851810223e-01,8.026757734676757128e-01
4.600000000000000000e+01,9.667098188599891895e-01,8.617805052975904267e-01,8.769430416544982121e-01,7.946960810517231799e-01
4.800000000000000000e+01,9.652878305230400136e-01,8.562248436358633752e-01,8.719506012409398155e-01,7.867957176664428509e-01
5.000000000000000000e+01,9.638679338694388088e-01,8.507049977953458075e-01,8.669865828115913553e-01,7.789738946730275782e-01
5.200000000000000000e+01,9.624501258224097411e-01,8.452207368812988397e-01,8.620508245599775021e-01,7.712298312728163019e-01
5.400000000000000000e+01,9.610344033097030225e-01,8.397718314874983436e-01,8.571431656007880706e-01,7.635627544293517310e-01
5.600000000000000000e+01,9.596207632635878060e-01,8.343580536866390673e-01,8.522634459646333260e-01,7.559718987912139587e-01
5.800000000000000000e+01,9.582092026208456348e-01,8.289791770208001509e-01,8.474115065928299328e-01,7.484565066156204649e-01
6.000000000000000000e+01,9.567997183227643365e-01,8.236349764919728145e-01,8.425871893322167683e-01,7.410158276927857335e-01
6.200000000000000000e+01,9.553923073151304735e-01,8.183252285526483316e-01,8.377903369299987135e-01,7.336491192710334897e-01
6.400000000000000000e+01,9.539869665482236805e-01,8.130497110964672869e-01,8.330207930286219753e-01,7.263556459826521206e-01
6.600000000000000000e+01,9.525836929768091155e-01,8.078082034489287855e-01,8.282784021606766078e-01,7.191346797704889493e-01
6.800000000000000000e+01,9.511824835601319084e-01,8.026004863581597260e-01,8.235630097438293440e-01,7.119854998152724823e-01
7.000000000000000000e+01,9.497833352619095004e-01,7.974263419857435808e-01,8.188744620757850701e-01,7.049073924636584110e-01
7.200000000000000000e+01,9.483862450503257602e-01,7.922855538976077971e-01,8.142126063292760563e-01,6.978996511569903749e-01
7.400000000000000000e+01,9.469912098980243220e-01,7.871779070549710378e-01,8.095772905470812741e-01,6.909615763607692696e-01
7.600000000000000000e+01,9.455982267821019249e-01,7.821031878053477104e-01,8.049683636370725814e-01,6.840924754948234376e-01
7.800000000000000000e+01,9.442072926841017511e-01,7.770611838736107835e-01,8.003856753672897728e-01,6.772916628641728609e-01
8.000000000000000000e+01,9.428184045900068755e-01,7.720516843531126661e-01,7.958290763610441632e-01,6.705584595905813572e-01
8.200000000000000000e+01,9.414315594902343820e-01,7.670744796968630430e-01,7.912984180920490385e-01,6.638921935447889000e-01
8.400000000000000000e+01,9.400467543796275915e-01,7.621293617087628869e-01,7.867935528795783062e-01,6.572921992794172885e-01
8.600000000000000000e+01,9.386639862574509552e-01,7.572161235348966457e-01,7.823143338836531235e-01,6.507578179625430614e-01
8.800000000000000000e+01,9.372832521273825046e-01,7.523345596548786096e-01,7.778606151002551705e-01,6.442883973119314378e-01
9.000000000000000000e+01,9.359045489975076348e-01,7.474844658732565650e-01,7.734322513565675683e-01,6.378832915299226247e-01
9.200000000000000000e+01,9.345278738803132201e-01,7.426656393109702936e-01,7.690290983062428865e-01,6.315418612389670505e-01
9.400000000000000000e+01,9.331532237926800644e-01,7.378778783968645838e-01,7.646510124246981288e-01,6.252634734178001974e-01
9.600000000000000000e+01,9.317805957558772390e-01,7.331209828592586408e-01,7.602978510044363647e-01,6.190475013382528147e-01
9.800000000000000000e+01,9.304099867955556435e-01,7.283947537175674558e-01,7.559694721503948944e-01,6.128933245026888521e-01
1.000000000000000000e+02,9.290413939417409006e-01,7.236989932739793518e-01,7.516657347753202822e-01,6.068003285820651183e-01
1.020000000000000000e+02,9.276748142288275822e-01,7.190335051051859327e-01,7.473864985951695905e-01,6.007679053546076675e-01
1.040000000000000000e+02,9.263102446955724378e-01,7.143980940541657665e-01,7.431316241245371490e-01,5.947954526450967006e-01
1.060000000000000000e+02,9.249476823850881768e-01,7.097925662220213594e-01,7.389009726721087468e-01,5.888823742647557591e-01
1.080000000000000000e+02,9.235871243448370294e-01,7.052167289598674227e-01,7.346944063361400268e-01,5.830280799517385537e-01
1.100000000000000000e+02,9.222285676266238630e-01,7.006703908607734288e-01,7.305117879999619701e-01,5.772319853122065414e-01
1.120000000000000000e+02,9.208720092865907425e-01,6.961533617517565720e-01,7.263529813275113600e-01,5.714935117619934779e-01
1.140000000000000000e+02,9.195174463852097135e-01,6.916654526858266872e-01,7.222178507588868923e-01,5.658120864688493956e-01
1.160000000000000000e+02,9.181648759872769183e-01,6.872064759340831275e-01,7.181062615059299326e-01,5.601871422952583446e-01
1.180000000000000000e+02,9.168142951619057124e-01,6.827762449778617126e-01,7.140180795478319187e-01,5.546181177418250119e-01
1.200000000000000000e+02,9.154657009825212244e-01,6.783745745009326367e-01,7.099531716267648562e-01,5.491044568912243351e-01
1.220000000000000000e+02,9.141190905268528066e-01,6.740012803817487796e-01,7.059114052435385700e-01,5.436456093527081146e-01
1.240000000000000000e+02,9.127744608769288170e-01,6.696561796857440907e-01,7.018926486532808262e-01,5.382410302071630737e-01
1.260000000000000000e+02,9.114318091190696247e-01,6.653390906576812647e-01,6.978967708611439891e-01,5.328901799527153704e-01
1.280000000000000000e+02,9.100911323438816147e-01,6.610498327140488239e-01,6.939236416180342149e-01,5.275925244508758993e-01
1.300000000000000000e+02,9.087524276462506378e-01,6.567882264355077160e-01,6.899731314163666251e-01,5.223475348732211643e-01
1.320000000000000000e+02,9.074156921253357932e-01,6.525540935593858727e-01,6.860451114858434618e-01,5.171546876486036171e-01
1.340000000000000000e+02,9.060809228845635444e-01,6.483472569722213974e-01,6.821394537892566667e-01,5.120134644108874644e-01
1.360000000000000000e+02,9.047481170316205024e-01,6.441675407023544908e-01,6.782560310183147756e-01,5.069233519472033933e-01
1.380000000000000000e+02,9.034172716784484303e-01,6.400147699125660061e-01,6.743947165894927931e-01,5.018838421467182176e-01
1.400000000000000000e+02,9.020883839412366934e-01,6.358887708927639659e-01,6.705553846399062712e-01,4.968944319499140616e-01
1.420000000000000000e+02,9.007614509404169301e-01,6.317893710527180406e-01,6.667379100232089240e-01,4.919546232983709189e-01
1.440000000000000000e+02,8.994364698006565018e-01,6.277163989148392131e-01,6.629421683055127801e-01,4.870639230850488666e-01
1.460000000000000000e+02,8.981134376508521644e-01,6.236696841070074049e-01,6.591680357613326491e-01,4.822218431050651066e-01
1.480000000000000000e+02,8.967923516241240733e-01,6.196490573554446213e-01,6.554153893695533473e-01,4.774279000069592271e-01
1.500000000000000000e+02,8.954732088578091220e-01,6.156543504776345044e-01,6.516841068094189060e-01,4.726816152444441865e-01
1.520000000000000000e+02,8.941560064934555019e-01,6.116853963752869605e-01,6.479740664565462049e-01,4.679825150286355817e-01
1.540000000000000000e+02,8.928407416768157079e-01,6.077420290273484182e-01,6.442851473789603656e-01,4.633301302807573685e-01
1.560000000000000000e+02,8.915274115578408765e-01,6.038240834830574943e-01,6.406172293331525713e-01,4.587239965853163182e-01
1.580000000000000000e+02,8.902160132906744572e-01,5.999313958550449577e-01,6.369701927601607583e-01,4.541636541437431007e-01
1.600000000000000000e+02,8.889065440336459956e-01,5.960638033124783242e-01,6.333439187816726212e-01,4.496486477284933891e-01
1.620000000000000000e+02,8.875990009492649158e-01,5.922211440742506383e-01,6.297382891961507134e-01,4.451785266376057648e-01
1.640000000000000000e+02,8.862933812042146364e-01,5.884032574022131090e-01,6.261531864749791954e-01,4.407528446497114838e-01
1.660000000000000000e+02,8.849896819693461314e-01,5.846099835944515988e-01,6.225884937586332324e-01,4.363711599794908857e-01
1.680000000000000000e+02,8.836879004196719345e-01,5.808411639786063008e-01,6.190440948528697085e-01,4.320330352335732260e-01
1.700000000000000000e+02,8.823880337343601443e-01,5.770966409052344925e-01,6.155198742249401445e-01,4.277380373668746572e-01
1.720000000000000000e+02,8.810900790967280960e-01,5.733762577412158112e-01,6.120157169998239333e-01,4.234857376393704187e-01
1.740000000000000000e+02,8.797940336942362549e-01,5.696798588632006055e-01,6.085315089564848900e-01,4.192757115732965167e-01
1.760000000000000000e+02,8.784998947184824436e-01,5.660072896511000318e-01,6.050671365241473421e-01,4.151075389107772295e-01
1.780000000000000000e+02,8.772076593651951804e-01,5.623583964816186720e-01,6.016224867785948671e-01,4.109808035718733321e-01
1.800000000000000000e+02,8.759173248342282392e-01,5.587330267218276747e-01,5.981974474384886831e-01,4.068950936130482088e-01
1.820000000000000000e+02,8.746288883295542105e-01,5.551310287227811946e-01,5.947919068617085747e-01,4.028500011860459140e-01
1.840000000000000000e+02,8.733423470592585058e-01,5.515522518131721341e-01,5.914057540417130276e-01,3.988451224971786835e-01
1.860000000000000000e+02,8.720576982355333628e-01,5.479965462930298514e-01,5.880388786039214555e-01,3.948800577670188994e-01
1.880000000000000000e+02,8.707749390746715168e-01,5.444637634274581695e-01,5.846911708021158560e-01,3.909544111904921238e-01
1.900000000000000000e+02,8.694940667970608716e-01,5.409537554404139081e-01,5.813625215148645609e-01,3.870677908973662595e-01
1.920000000000000000e+02,8.682150786271776166e-01,5.374663755085253847e-01,5.780528222419640816e-01,3.832198089131341190e-01
1.940000000000000000e+02,8.669379717935806751e-01,5.340014777549506597e-01,5.747619651009033825e-01,3.794100811202845147e-01
1.960000000000000000e+02,8.656627435289059314e-01,5.305589172432757517e-01,5.714898428233466943e-01,3.756382272199582095e-01
1.980000000000000000e+02,8.643893910698596805e-01,5.271385499714517087e-01,5.682363487516376432e-01,3.719038706939858385e-01
2.000000000000000000e+02,8.631179116572129661e-01,5.237402328657712047e-01,5.650013768353221444e-01,3.682066387673021968e-01
2.020000000000000000e+02,8.618483025357954741e-01,5.203638237748836604e-01,5.617848216276920548e-01,3.645461623707349497e-01
2.040000000000000000e+02,8.605805609544896484e-01,5.170091814638494432e-01,5.585865782823473680e-01,3.609220761041628256e-01
2.060000000000000000e+02,8.593146841662249180e-01,5.136761656082311500e-01,5.554065425497793917e-01,3.573340182000404597e-01
2.080000000000000000e+02,8.580506694279712576e-01,5.103646367882247459e-01,5.522446107739723553e-01,3.537816304872854478e-01
2.100000000000000000e+02,8.567885140007336364e-01,5.070744564828273404e-01,5.491006798890243346e-01,3.502645583555246689e-01
2.120000000000000000e+02,8.555282151495460230e-01,5.038054870640424898e-01,5.459746474157883833e-01,3.467824507196959338e-01
2.140000000000000000e+02,8.542697701434652791e-01,5.005575917911239126e-01,5.428664114585313172e-01,3.433349599850016864e-01
2.160000000000000000e+02,8.530131762555653863e-01,4.973306348048550651e-01,5.397758707016131474e-01,3.399217420122108146e-01
2.180000000000000000e+02,8.517584307629315621e-01,4.941244811218664101e-01,5.367029244061841675e-01,3.365424560833059076e-01
2.200000000000000000e+02,8.505055309466543756e-01,4.909389966289890439e-01,5.336474724069013575e-01,3.331967648674713511e-01
2.220000000000000000e+02,8.492544740918237522e-01,4.877740480776446841e-01,5.306094151086633293e-01,3.298843343874203193e-01
2.240000000000000000e+02,8.480052574875229787e-01,4.846295030782720170e-01,5.275886534833641450e-01,3.266048339860557759e-01
2.260000000000000000e+02,8.467578784268231518e-01,4.815052300947887942e-01,5.245850890666651223e-01,3.233579362934634327e-01
2.280000000000000000e+02,8.455123342067770720e-01,4.784010984390895671e-01,5.215986239547857339e-01,3.201433171942327238e-01
2.300000000000000000e+02,8.442686221284136927e-01,4.753169782655792819e-01,5.186291608013118282e-01,3.169606557951022974e-01
2.320000000000000000e+02,8.430267394967315697e-01,4.722527405657416244e-01,5.156766028140230551e-01,3.138096343929280274e-01
2.340000000000000000e+02,8.417866836206938652e-01,4.692082571627426146e-01,5.127408537517372800e-01,3.106899384429680500e-01
2.360000000000000000e+02,8.405484518132220195e-01,4.661834007060690621e-01,5.098218179211739809e-01,3.076012565274848232e-01
2.380000000000000000e+02,8.393120413911900890e-01,4.631780446662014938e-01,5.069194001738349664e-01,3.045432803246579390e-01
2.400000000000000000e+02,8.380774496754188618e-01,4.601920633293213880e-01,5.040335059029026343e-01,3.015157045778064648e-01
2.420000000000000000e+02,8.368446739906699738e-01,4.572253317920526028e-01,5.011640410401567713e-01,2.985182270649175407e-01
2.440000000000000000e+02,8.356137116656404684e-01,4.542777259562367220e-01,4.983109120529072844e-01,2.955505485684773448e-01
2.460000000000000000e+02,8.343845600329564682e-01,4.513491225237419302e-01,4.954740259409467495e-01,2.926123728456025419e-01
2.480000000000000000e+02,8.331572164291679572e-01,4.484393989913055267e-01,4.926532902335179487e-01,2.897034065984682716e-01
2.500000000000000000e+02,8.319316781947426742e-01,4.455484336454097472e-01,4.898486129863001692e-01,2.868233594450300128e-01
2.520000000000000000e+02,8.307079426740602290e-01,4.426761055571901138e-01,4.870599027784120461e-01,2.839719438900373261e-01
2.540000000000000000e+02,8.294860072154066621e-01,4.398222945773775372e-01,4.842870687094318338e-01,2.811488752963345883e-01
2.560000000000000000e+02,8.282658691709685606e-01,4.369868813312719480e-01,4.815300203964339998e-01,2.783538718564480541e-01
2.580000000000000000e+02,8.270475258968275067e-01,4.341697472137492353e-01,4.787886679710436355e-01,2.755866545644546917e-01
2.600000000000000000e+02,8.258309747529539724e-01,4.313707743842998266e-01,4.760629220765067449e-01,2.728469471881310171e-01
2.620000000000000000e+02,8.246162131032016562e-01,4.285898457620994084e-01,4.733526938647777405e-01,2.701344762413788181e-01
2.640000000000000000e+02,8.234032383153022661e-01,4.258268450211117329e-01,4.706578949936233713e-01,2.674489709569248252e-01
2.660000000000000000e+02,8.221920477608591904e-01,4.230816565852221767e-01,4.679784376237429155e-01,2.647901632592919996e-01
2.680000000000000000e+02,8.209826388153422805e-01,4.203541656234037194e-01,4.653142344159054145e-01,2.621577877380391608e-01
2.700000000000000000e+02,8.197750088580818550e-01,4.176442580449133413e-01,4.626651985281023394e-01,2.595515816212671800e-01
2.720000000000000000e+02,8.185691552722629272e-01,4.149518204945195632e-01,4.600312436127171889e-01,2.569712847493881847e-01
2.740000000000000000e+02,8.173650754449202083e-01,4.122767403477609061e-01,4.574122838137105740e-01,2.544166395491554988e-01
2.760000000000000000e+02,8.161627667669314468e-01,4.096189057062347150e-01,4.548082337638222894e-01,2.518873910079519884e-01
2.780000000000000000e+02,8.149622266330126541e-01,4.069782053929167365e-01,4.522190085817879290e-01,2.493832866483338961e-01
2.800000000000000000e+02,8.137634524417119986e-01,4.043545289475101168e-01,4.496445238695727098e-01,2.469040765028277795e-01
2.820000000000000000e+02,8.125664415954042541e-01,4.017477666218252641e-01,4.470846957096200613e-01,2.444495130889779988e-01
2.840000000000000000e+02,8.113711915002851383e-01,3.991578093751890211e-01,4.445394406621165917e-01,2.420193513846420341e-01
2.860000000000000000e+02,8.101776995663658720e-01,3.965845488698832577e-01,4.420086757622719853e-01,2.396133488035319392e-01
2.880000000000000000e+02,8.089859632074672957e-01,3.940278774666134964e-01,4.394923185176147773e-01,2.372312651709984344e-01
2.900000000000000000e+02,8.077959798412145398e-01,3.914876882200059582e-01,4.369902869053036709e-01,2.348728627000559455e-01
2.920000000000000000e+02,8.066077468890311408e-01,3.889638748741343632e-01,4.345024993694535653e-01,2.325379059676460081e-01
2.940000000000000000e+02,8.054212617761338233e-01,3.864563318580750417e-01,4.320288748184775152e-01,2.302261618911365937e-01
2.960000000000000000e+02,8.042365219315265046e-01,3.839649542814911332e-01,4.295693326224431785e-01,2.279373997050550826e-01
2.980000000000000000e+02,8.030535247879950767e-01,3.814896379302448182e-01,4.271237926104448634e-01,2.256713909380524408e-01
3.000000000000000000e+02,8.018722677821014111e-01,3.790302792620380834e-01,4.246921750679900631e-01,2.234279093900967683e-01
3.020000000000000000e+02,8.006927483541785850e-01,3.765867754020817415e-01,4.222744007344013673e-01,2.212067311098928346e-01
3.040000000000000000e+02,7.995149639483244419e-01,3.741590241387919291e-01,4.198703908002325846e-01,2.190076343725271268e-01
3.060000000000000000e+02,7.983389120123964844e-01,3.717469239195146935e-01,4.174800669047001866e-01,2.168303996573342218e-01
3.080000000000000000e+02,7.971645899980063232e-01,3.693503738462783348e-01,4.151033511331287396e-01,2.146748096259835648e-01
3.100000000000000000e+02,7.959919953605143483e-01,3.669692736715723935e-01,4.127401660144114359e-01,2.125406491007842957e-01
3.120000000000000000e+02,7.948211255590238444e-01,3.646035237941543938e-01,4.103904345184850033e-01,2.104277050432052931e-01
3.140000000000000000e+02,7.936519780563755511e-01,3.622530252548839536e-01,4.080540800538182689e-01,2.083357665326091845e-01
3.160000000000000000e+02,7.924845503191423335e-01,3.599176797325827071e-01,4.057310264649163223e-01,2.062646247451975223e-01
3.180000000000000000e+02,7.913188398176237426e-01,3.575973895399220948e-01,4.034211980298376132e-01,2.042140729331652638e-01
3.200000000000000000e+02,7.901548440258402417e-01,3.552920576193368540e-01,4.011245194577259809e-01,2.021839064040627243e-01
3.220000000000000000e+02,7.889925604215279886e-01,3.530015875389649893e-01,3.988409158863563397e-01,2.001739225003625056e-01
3.240000000000000000e+02,7.878319864861331734e-01,3.507258834886143317e-01,3.965703128796947419e-01,1.981839205792294833e-01
3.260000000000000000e+02,7.866731197048069113e-01,3.484648502757543564e-01,3.943126364254716520e-01,1.962137019924921066e-01
3.280000000000000000e+02,7.855159575663992477e-01,3.462183933215350340e-01,3.920678129327700434e-01,1.942630700668127042e-01
3.300000000000000000e+02,7.843604975634543841e-01,3.439864186568296622e-01,3.898357692296258170e-01,1.923318300840549389e-01
3.320000000000000000e+02,7.832067371922043497e-01,3.417688329183050100e-01,3.876164325606436534e-01,1.904197892618464116e-01
3.340000000000000000e+02,7.820546739525646718e-01,3.395655433445152194e-01,3.854097305846246324e-01,1.885267567343346107e-01
3.360000000000000000e+02,7.809043053481280472e-01,3.373764577720222424e-01,3.832155913722087859e-01,1.866525435331339300e-01
3.380000000000000000e+02,7.797556288861593465e-01,3.352014846315402585e-01,3.810339434035303063e-01,1.847969625684624251e-01
3.400000000000000000e+02,7.786086420775902850e-01,3.330405329441051832e-01,3.788647155658860788e-01,1.829598286104658633e-01
3.420000000000000000e+02,7.774633424370137602e-01,3.308935123172696557e-01,3.767078371514182011e-01,1.811409582707274868e-01
3.440000000000000000e+02,7.763197274826785232e-01,3.287603329413211761e-01,3.745632378548085506e-01,1.793401699839616559e-01
3.460000000000000000e+02,7.751777947364840715e-01,3.266409055855259980e-01,3.724308477709878384e-01,1.775572839898893751e-01
3.480000000000000000e+02,7.740375417239749867e-01,3.245351415943961704e-01,3.703105973928563777e-01,1.757921223152941193e-01
3.500000000000000000e+02,7.728989659743354945e-01,3.224429528839814485e-01,3.682024176090188394e-01,1.740445087562559889e-01
3.520000000000000000e+02,7.717620650203846910e-01,3.203642519381842968e-01,3.661062397015312220e-01,1.723142688605624195e-01
3.540000000000000000e+02,7.706268363985703251e-01,3.182989518050997058e-01,3.640219953436610867e-01,1.706012299102939167e-01
3.560000000000000000e+02,7.694932776489642468e-01,3.162469660933773796e-01,3.619496165976605062e-01,1.689052209045827369e-01
3.580000000000000000e+02,7.683613863152566337e-01,3.142082089686083490e-01,3.598890359125513916e-01,1.672260725425431804e-01
3.600000000000000000e+02,7.672311599447509955e-01,3.121825951497346208e-01,3.578401861219234759e-01,1.655636172063712774e-01
3.620000000000000000e+02,7.661025960883580677e-01,3.101700399054814206e-01,3.558030004417453984e-01,1.639176889446127272e-01
3.640000000000000000e+02,7.649756923005918141e-01,3.081704590508133612e-01,3.537774124681874466e-01,1.622881234555971774e-01
3.660000000000000000e+02,7.638504461395630996e-01,3.061837689434127041e-01,3.517633561754571758e-01,1.606747580710370382e-01
3.680000000000000000e+02,7.627268551669743601e-01,3.042098864801808800e-01,3.497607659136471314e-01,1.590774317397894433e-01
3.700000000000000000e+02,7.616049169481152736e-01,3.022487290937618254e-01,3.477695764065955042e-01,1.574959850117796378e-01
3.720000000000000000e+02,7.604846290518565421e-01,3.003002147490888007e-01,3.457897227497574444e-01,1.559302600220841828e-01
3.740000000000000000e+02,7.593659890506448962e-01,2.983642619399523577e-01,3.438211404080901423e-01,1.543801004751723938e-01
3.760000000000000000e+02,7.582489945204979875e-01,2.964407896855911217e-01,3.418637652139490668e-01,1.528453516293043768e-01
3.780000000000000000e+02,7.571336430409990603e-01,2.945297175273046131e-01,3.399175333649964714e-01,1.513258602810843567e-01
3.800000000000000000e+02,7.560199321952917328e-01,2.926309655250871611e-01,3.379823814221214473e-01,1.498214747501672439e-01
3.820000000000000000e+02,7.549078595700745575e-01,2.907444542542845234e-01,3.360582463073721327e-01,1.483320448641176625e-01
3.840000000000000000e+02,7.537974227555961360e-01,2.888701048022712103e-01,3.341450653018997463e-01,1.468574219434190531e-01
3.860000000000000000e+02,7.526886193456494567e-01,2.870078387651497920e-01,3.322427760439144451e-01,1.453974587866321555e-01
3.880000000000000000e+02,7.515814469375673434e-01,2.851575782444710772e-01,3.303513165266520613e-01,1.439520096557008744e-01
3.900000000000000000e+02,7.504759031322163487e-01,2.833192458439758310e-01,3.284706250963530527e-01,1.425209302614042217e-01
3.920000000000000000e+02,7.493719855339924241e-01,2.814927646663570870e-01,3.266006404502534433e-01,1.411040777489529774e-01
3.940000000000000000e+02,7.482696917508151468e-01,2.796780583100437201e-01,3.247413016345857550e-01,1.397013106837294294e-01
3.960000000000000000e+02,7.471690193941228353e-01,2.778750508660046137e-01,3.228925480425927641e-01,1.383124890371689453e-01
3.980000000000000000e+02,7.460699660788672194e-01,2.760836669145730338e-01,3.210543194125515254e-01,1.369374741727819034e-01
4.000000000000000000e+02,7.449725294235084450e-01,2.743038315222922074e-01,3.192265558258097213e-01,1.355761288323145686e-01
4.020000000000000000e+02,7.438767070500096334e-01,2.725354702387806638e-01,3.174091977048318913e-01,1.342283171220475246e-01
4.040000000000000000e+02,7.427824965838319971e-01,2.707785090936182248e-01,3.156021858112577627e-01,1.328939044992302476e-01
4.060000000000000000e+02,7.416898956539296206e-01,2.690328745932513699e-01,3.138054612439712954e-01,1.315727577586509045e-01
4.080000000000000000e+02,7.405989018927441325e-01,2.672984937179195830e-01,3.120189654371809951e-01,1.302647450193391288e-01
4.100000000000000000e+02,7.395095129362000419e-01,2.655752939186002970e-01,3.102426401585102744e-01,1.289697357114013287e-01
4.120000000000000000e+02,7.384217264236989653e-01,2.638632031139749312e-01,3.084764275070999706e-01,1.276876005629868638e-01
4.140000000000000000e+02,7.373355399981150748e-01,2.621621496874128598e-01,3.067202699117206888e-01,1.264182115873836720e-01
4.160000000000000000e+02,7.362509513057896582e-01,2.604720624839765852e-01,3.049741101288962475e-01,1.251614420702421848e-01
4.180000000000000000e+02,7.351679579965263445e-01,2.587928708074446749e-01,3.032378912410378935e-01,1.239171665569264585e-01
4.200000000000000000e+02,7.340865577235854422e-01,2.571245044173547378e-01,3.015115566545888415e-01,1.226852608399907479e-01
4.220000000000000000e+02,7.330067481436794985e-01,2.554668935260654972e-01,2.997950500981797495e-01,1.214656019467807851e-01
4.240000000000000000e+02,7.319285269169679697e-01,2.538199687958371253e-01,2.980883156207944085e-01,1.202580681271583352e-01
4.260000000000000000e+02,7.308518917070517817e-01,2.521836613359313972e-01,2.963912975899459235e-01,1.190625388413475982e-01
4.280000000000000000e+02,7.297768401809689998e-01,2.505579026997294956e-01,2.947039406898633862e-01,1.178788947479027238e-01
4.300000000000000000e+02,7.287033700091890553e-01,2.489426248818692178e-01,2.930261899196889286e-01,1.167070176917944790e-01
4.320000000000000000e+02,7.276314788656081944e-01,2.473377603154001403e-01,2.913579905916846013e-01,1.155467906926160304e-01
4.340000000000000000e+02,7.265611644275443703e-01,2.457432418689574349e-01,2.896992883294501331e-01,1.143980979329052988e-01
4.360000000000000000e+02,7.254924243757316926e-01,2.441590028439537263e-01,2.880500290661502372e-01,1.132608247465838741e-01
4.380000000000000000e+02,7.244252563943163192e-01,2.425849769717889071e-01,2.864101590427524102e-01,1.121348576075105880e-01
4.400000000000000000e+02,7.233596581708504614e-01,2.410210984110784938e-01,2.847796248062745561e-01,1.110200841181490095e-01
4.420000000000000000e+02,7.222956273962882756e-01,2.394673017448990804e-01,2.831583732080424354e-01,1.099163929983475868e-01
4.440000000000000000e+02,7.212331617649800908e-01,2.379235219780524158e-01,2.815463514019577729e-01,1.088236740742313524e-01
4.460000000000000000e+02,7.201722589746678560e-01,2.363896945343460509e-01,2.799435068427750806e-01,1.077418182672039287e-01
4.480000000000000000e+02,7.191129167264801447e-01,2.348657552538928606e-01,2.783497872843892496e-01,1.066707175830590576e-01
4.500000000000000000e+02,7.180551327249268256e-01,2.333516403904264680e-01,2.767651407781324679e-01,1.056102651012002375e-01
4.520000000000000000e+02,7.169989046778946218e-01,2.318472866086354889e-01,2.751895156710809642e-01,1.045603549639675667e-01
4.540000000000000000e+02,7.159442302966416705e-01,2.303526309815135120e-01,2.736228606043712430e-01,1.035208823660707517e-01
4.560000000000000000e+02,7.148911072957927493e-01,2.288676109877274545e-01,2.720651245115259798e-01,1.024917435441270869e-01
4.580000000000000000e+02,7.138395333933345022e-01,2.273921645090020149e-01,2.705162566167895744e-01,1.014728357663034486e-01
4.600000000000000000e+02,7.127895063106101103e-01,2.259262298275211966e-01,2.689762064334730307e-01,1.004640573220613176e-01
4.620000000000000000e+02,7.117410237723147404e-01,2.244697456233469002e-01,2.674449237623082176e-01,9.946530751200377551e-02
4.640000000000000000e+02,7.106940835064901041e-01,2.230226509718536698e-01,2.659223586898116221e-01,9.847648663782314349e-02
4.660000000000000000e+02,7.096486832445203508e-01,2.215848853411805097e-01,2.644084615866577059e-01,9.749749599234910913e-02
4.680000000000000000e+02,7.086048207211261829e-01,2.201563885896984096e-01,2.629031831060604230e-01,9.652823784969527532e-02
4.700000000000000000e+02,7.075624936743608595e-01,2.187371009634951624e-01,2.614064741821655047e-01,9.556861545550389414e-02
4.720000000000000000e+02,7.065216998456045339e-01,2.173269630938753638e-01,2.599182860284506846e-01,9.461853301728753718e-02
4.740000000000000000e+02,7.054824369795598127e-01,2.159259159948773432e-01,2.584385701361356369e-01,9.367789569486682788e-02
4.760000000000000000e+02,7.044447028242468711e-01,2.145339010608057484e-01,2.569672782726006299e-01,9.274660959090318124e-02
4.780000000000000000e+02,7.034084951309982348e-01,2.131508600637798123e-01,2.555043624798145618e-01,9.182458174152566266e-02
4.800000000000000000e+02,7.023738116544542276e-01,2.117767351512981344e-01,2.540497750727714332e-01,9.091172010705106388e-02
4.820000000000000000e+02,7.013406501525579761e-01,2.104114688438182279e-01,2.526034686379363681e-01,9.000793356279622459e-02
4.840000000000000000e+02,7.003090083865507465e-01,2.090550040323526093e-01,2.511653960316999057e-01,8.911313188998165602e-02
4.860000000000000000e+02,6.992788841209666151e-01,2.077072839760794598e-01,2.497355103788411745e-01,8.822722576672564765e-02
4.880000000000000000e+02,6.982502751236281391e-01,2.063682522999697178e-01,2.483137650710002808e-01,8.735012675912788571e-02
4.900000000000000000e+02,6.972231791656411382e-01,2.050378529924283266e-01,2.469001137651590239e-01,8.648174731244165359e-02
4.920000000000000000e+02,6.961975940213903646e-01,2.037160304029518310e-01,2.454945103821299934e-01,8.562200074233390634e-02
4.940000000000000000e+02,6.951735174685340635e-01,2.024027292397999611e-01,2.440969091050548267e-01,8.477080122623216474e-02
4.960000000000000000e+02,6.941509472879995313e-01,2.010978945676833163e-01,2.427072643779108752e-01,8.392806379475740985e-02
4.980000000000000000e+02,6.931298812639781204e-01,1.998014718054651473e-01,2.413255309040259478e-01,8.309370432324214573e-02
5.000000000000000000e+02,6.921103171839207979e-01,1.985134067238780720e-01,2.399516636446021034e-01,8.226763952333289442e-02
5.020000000000000000e+02,6.910922528385329278e-01,1.972336454432561392e-01,2.385856178172473252e-01,8.144978693467606889e-02
5.040000000000000000e+02,6.900756860217696076e-01,1.959621344312805491e-01,2.372273488945162156e-01,8.064006491668650189e-02
5.060000000000000000e+02,6.890606145308311170e-01,1.946988205007407768e-01,2.358768126024580192e-01,7.983839264039782613e-02
5.080000000000000000e+02,6.880470361661575884e-01,1.934436508073094640e-01,2.345339649191739428e-01,7.904469008039391453e-02
5.100000000000000000e+02,6.870349487314251213e-01,1.921965728473322421e-01,2.331987620733819155e-01,7.825887800682042317e-02
5.120000000000000000e+02,6.860243500335401201e-01,1.909575344556311560e-01,2.318711605429901457e-01,7.748087797747590932e-02
5.140000000000000000e+02,6.850152378826350752e-01,1.897264838033229373e-01,2.305511170536781174e-01,7.671061232998144241e-02
5.160000000000000000e+02,6.840076100920636781e-01,1.885033693956509049e-01,2.292385885774862464e-01,7.594800417402806925e-02
5.180000000000000000e+02,6.830014644783959366e-01,1.872881400698306609e-01,2.279335323314133910e-01,7.519297738370146755e-02
5.200000000000000000e+02,6.819967988614140664e-01,1.860807449929104684e-01,2.266359057760221341e-01,7.444545658988274695e-02
5.220000000000000000e+02,6.809936110641066076e-01,1.848811336596444255e-01,2.253456666140522535e-01,7.370536717272491156e-02
5.240000000000000000e+02,6.799918989126648716e-01,1.836892558903801820e-01,2.240627727890419918e-01,7.297263525420405461e-02
5.260000000000000000e+02,6.789916602364776121e-01,1.825050618289596749e-01,2.227871824839572912e-01,7.224718769074461866e-02
5.280000000000000000e+02,6.779928928681264733e-01,1.813285019406339071e-01,2.215188541198285788e-01,7.152895206591801391e-02
5.300000000000000000e+02,6.769955946433811045e-01,1.801595270099906054e-01,2.202577463543955449e-01,7.081785668321378957e-02
5.320000000000000000e+02,6.759997634011950529e-01,1.789980881388958667e-01,2.190038180807594437e-01,7.011383055888251170e-02
5.340000000000000000e+02,6.750053969837002121e-01,1.778441367444485166e-01,2.177570284260434974e-01,6.941680341485020889e-02
5.360000000000000000e+02,6.740124932362028254e-01,1.766976245569479298e-01,2.165173367500602131e-01,6.872670567170278966e-02
5.380000000000000000e+02,6.730210500071786006e-01,1.755585036178750891e-01,2.152847026439868305e-01,6.804346844174051501e-02
5.400000000000000000e+02,6.720310651482681585e-01,1.744267262778861904e-01,2.140590859290483483e-01,6.736702352210133249e-02
5.420000000000000000e+02,6.710425365142719256e-01,1.733022451948197096e-01,2.128404466552075991e-01,6.669730338795272495e-02
5.440000000000000000e+02,6.700554619631461373e-01,1.721850133317159859e-01,2.116287450998631248e-01,6.603424118575114410e-02
5.460000000000000000e+02,6.690698393559978419e-01,1.710749839548497686e-01,2.104239417665544065e-01,6.537777072656848765e-02
5.480000000000000000e+02,6.680856665570800157e-01,1.699721106317750585e-01,2.092259973836745335e-01,6.472782647948491230e-02
5.500000000000000000e+02,6.671029414337877883e-01,1.688763472293833001e-01,2.080348729031899213e-01,6.408434356504730256e-02
5.520000000000000000e+02,6.661216618566525582e-01,1.677876479119732311e-01,2.068505294993676080e-01,6.344725774879288183e-02
5.540000000000000000e+02,6.651418256993386624e-01,1.667059671393337772e-01,2.056729285675097385e-01,6.281650543483704996e-02
5.560000000000000000e+02,6.641634308386379359e-01,1.656312596648391033e-01,2.045020317226951823e-01,6.219202365952507250e-02
5.580000000000000000e+02,6.631864751544653824e-01,1.645634805335558226e-01,2.033378007985282565e-01,6.157375008514686526e-02
5.600000000000000000e+02,6.622109565298545109e-01,1.635025850803627778e-01,2.021801978458947491e-01,6.096162299371423593e-02
5.620000000000000000e+02,6.612368728509530058e-01,1.624485289280823697e-01,2.010291851317249079e-01,6.035558128080002055e-02
5.640000000000000000e+02,6.602642220070176204e-01,1.614012679856245969e-01,1.998847251377635637e-01,5.975556444943843498e-02
5.660000000000000000e+02,6.592930018904100686e-01,1.603607584461424485e-01,1.987467805593471082e-01,5.916151260408602369e-02
5.680000000000000000e+02,6.583232103965924731e-01,1.593269567851997581e-01,1.976153143041874671e-01,5.857336644464283121e-02
5.700000000000000000e+02,6.573548454241223693e-01,1.582998197589502165e-01,1.964902894911632336e-01,5.799106726053279010e-02
5.720000000000000000e+02,6.563879048746487088e-01,1.572793044023288456e-01,1.953716694491172690e-01,5.741455692484306178e-02
5.740000000000000000e+02,6.554223866529066411e-01,1.562653680272545753e-01,1.942594177156615476e-01,5.684377788852162244e-02
5.760000000000000000e+02,6.544582886667136279e-01,1.552579682208445888e-01,1.931534980359885523e-01,5.627867317463256663e-02
5.780000000000000000e+02,6.534956088269647800e-01,1.542570628436403246e-01,1.920538743616895805e-01,5.571918637266847635e-02
5.800000000000000000e+02,6.525343450476278617e-01,1.532626100278446091e-01,1.909605108495796011e-01,5.516526163291932822e-02
5.820000000000000000e+02,6.515744952457392936e-01,1.522745681755705294e-01,1.898733718605290499e-01,5.461684366089743919e-02
5.840000000000000000e+02,6.506160573413993786e-01,1.512928959571012422e-01,1.887924219583019814e-01,5.407387771181777769e-02
5.860000000000000000e+02,6.496590292577678616e-01,1.503175523091612731e-01,1.877176259084012699e-01,5.353630958513317523e-02
5.880000000000000000e+02,6.487034089210594878e-01,1.493484964331986409e-01,1.866489486769197237e-01,5.300408561912384187e-02
5.900000000000000000e+02,6.477491942605394515e-01,1.483856877936785834e-01,1.855863554293984141e-01,5.247715268554072054e-02
5.920000000000000000e+02,6.467963832085187326e-01,1.474290861163875810e-01,1.845298115296912234e-01,5.195545818430204188e-02
5.940000000000000000e+02,6.458449737003501001e-01,1.464786513867490370e-01,1.834792825388356086e-01,5.143895003824260764e-02
5.960000000000000000e+02,6.448949636744228942e-01,1.455343438481492835e-01,1.824347342139303052e-01,5.092757668791530329e-02
5.980000000000000000e+02,6.439463510721595840e-01,1.445961240002744674e-01,1.813961325070189146e-01,5.042128708644429830e-02
6.000000000000000000e+02,6.429991338380102173e-01,1.436639525974585663e-01,1.803634435639803191e-01,4.992003069442928903e-02
