"Job","Artifact","Status","ExitCode","TimeSvg","FreqSvg"
"08_215723_monomer_fig2_inhomogeneous_paper_eqs_n10000","C:\Users\leopo\.vscode\thesis_python\jobs\monomer\essential_results\08_215723_monomer_fig2_inhomogeneous_paper_eqs_n10000\data\1d_inhom_averaged.npz","ok","0","C:\Users\leopo\.vscode\thesis_python\jobs\monomer\essential_results\08_215723_monomer_fig2_inhomogeneous_paper_eqs_n10000\figures\time_all_signals_real_imag_abs_monomer_fig2_inhomogeneous_paper_eqs_n10000_02.svg","C:\Users\leopo\.vscode\thesis_python\jobs\monomer\essential_results\08_215723_monomer_fig2_inhomogeneous_paper_eqs_n10000\figures\freq_all_signals_real_imag_abs_monomer_fig2_inhomogeneous_paper_eqs_n10000_02.svg"
"08_201210_monomer_fig2_inhomogeneous_lindblad_n10000","C:\Users\leopo\.vscode\thesis_python\jobs\monomer\essential_results\08_201210_monomer_fig2_inhomogeneous_lindblad_n10000\data\1d_inhom_averaged.npz","ok","0","C:\Users\leopo\.vscode\thesis_python\jobs\monomer\essential_results\08_201210_monomer_fig2_inhomogeneous_lindblad_n10000\figures\time_all_signals_real_imag_abs_monomer_fig2_inhomogeneous_lindblad_n10000_04.svg","C:\Users\leopo\.vscode\thesis_python\jobs\monomer\essential_results\08_201210_monomer_fig2_inhomogeneous_lindblad_n10000\figures\freq_all_signals_real_imag_abs_monomer_fig2_inhomogeneous_lindblad_n10000_04.svg"
"08_200751_monomer_fig2_inhomogeneous_paper_eqs_n10000","C:\Users\leopo\.vscode\thesis_python\jobs\monomer\essential_results\08_200751_monomer_fig2_inhomogeneous_paper_eqs_n10000\data\1d_inhom_averaged.npz","ok","0","C:\Users\leopo\.vscode\thesis_python\jobs\monomer\essential_results\08_200751_monomer_fig2_inhomogeneous_paper_eqs_n10000\figures\time_all_signals_real_imag_abs_monomer_fig2_inhomogeneous_paper_eqs_n10000_02.svg","C:\Users\leopo\.vscode\thesis_python\jobs\monomer\essential_results\08_200751_monomer_fig2_inhomogeneous_paper_eqs_n10000\figures\freq_all_signals_real_imag_abs_monomer_fig2_inhomogeneous_paper_eqs_n10000_02.svg"
"08_120126_monomer_fig2_inhomogeneous_paper_eqs_n1000","C:\Users\leopo\.vscode\thesis_python\jobs\monomer\essential_results\08_120126_monomer_fig2_inhomogeneous_paper_eqs_n1000\data\1d_inhom_averaged.npz","ok","0","C:\Users\leopo\.vscode\thesis_python\jobs\monomer\essential_results\08_120126_monomer_fig2_inhomogeneous_paper_eqs_n1000\figures\time_all_signals_real_imag_abs_monomer_fig2_inhomogeneous_paper_eqs_n1000_02.svg","C:\Users\leopo\.vscode\thesis_python\jobs\monomer\essential_results\08_120126_monomer_fig2_inhomogeneous_paper_eqs_n1000\figures\freq_all_signals_real_imag_abs_monomer_fig2_inhomogeneous_paper_eqs_n1000_02.svg"
"08_114410_monomer_fig2_homogeneous_redfield_no_rwa_thermal","C:\Users\leopo\.vscode\thesis_python\jobs\monomer\essential_results\08_114410_monomer_fig2_homogeneous_redfield_no_rwa_thermal\data\1d_inhom_averaged.npz","ok","0","C:\Users\leopo\.vscode\thesis_python\jobs\monomer\essential_results\08_114410_monomer_fig2_homogeneous_redfield_no_rwa_thermal\figures\time_all_signals_real_imag_abs_monomer_fig2_homogeneous_redfield_no_rwa_thermal_02.svg","C:\Users\leopo\.vscode\thesis_python\jobs\monomer\essential_results\08_114410_monomer_fig2_homogeneous_redfield_no_rwa_thermal\figures\freq_all_signals_real_imag_abs_monomer_fig2_homogeneous_redfield_no_rwa_thermal_02.svg"
"08_114405_monomer_fig2_homogeneous_paper_eqs","C:\Users\leopo\.vscode\thesis_python\jobs\monomer\essential_results\08_114405_monomer_fig2_homogeneous_paper_eqs\data\1d_inhom_averaged.npz","ok","0","C:\Users\leopo\.vscode\thesis_python\jobs\monomer\essential_results\08_114405_monomer_fig2_homogeneous_paper_eqs\figures\time_all_signals_real_imag_abs_monomer_fig2_homogeneous_paper_eqs_03.svg","C:\Users\leopo\.vscode\thesis_python\jobs\monomer\essential_results\08_114405_monomer_fig2_homogeneous_paper_eqs\figures\freq_all_signals_real_imag_abs_monomer_fig2_homogeneous_paper_eqs_03.svg"
"08_114400_monomer_fig2_homogeneous_lindblad","C:\Users\leopo\.vscode\thesis_python\jobs\monomer\essential_results\08_114400_monomer_fig2_homogeneous_lindblad\data\1d_inhom_averaged.npz","ok","0","C:\Users\leopo\.vscode\thesis_python\jobs\monomer\essential_results\08_114400_monomer_fig2_homogeneous_lindblad\figures\time_all_signals_real_imag_abs_monomer_fig2_homogeneous_lindblad_02.svg","C:\Users\leopo\.vscode\thesis_python\jobs\monomer\essential_results\08_114400_monomer_fig2_homogeneous_lindblad\figures\freq_all_signals_real_imag_abs_monomer_fig2_homogeneous_lindblad_02.svg"
"08_114210_monomer_fig2_inhomogeneous_paper_eqs_n100","C:\Users\leopo\.vscode\thesis_python\jobs\monomer\essential_results\08_114210_monomer_fig2_inhomogeneous_paper_eqs_n100\data\1d_inhom_averaged.npz","ok","0","C:\Users\leopo\.vscode\thesis_python\jobs\monomer\essential_results\08_114210_monomer_fig2_inhomogeneous_paper_eqs_n100\figures\time_all_signals_real_imag_abs_monomer_fig2_inhomogeneous_paper_eqs_n100_02.svg","C:\Users\leopo\.vscode\thesis_python\jobs\monomer\essential_results\08_114210_monomer_fig2_inhomogeneous_paper_eqs_n100\figures\freq_all_signals_real_imag_abs_monomer_fig2_inhomogeneous_paper_eqs_n100_02.svg"
"08_114142_monomer_fig2_inhomogeneous_paper_eqs_n100","C:\Users\leopo\.vscode\thesis_python\jobs\monomer\essential_results\08_114142_monomer_fig2_inhomogeneous_paper_eqs_n100\data\1d_inhom_averaged.npz","ok","0","C:\Users\leopo\.vscode\thesis_python\jobs\monomer\essential_results\08_114142_monomer_fig2_inhomogeneous_paper_eqs_n100\figures\time_all_signals_real_imag_abs_monomer_fig2_inhomogeneous_paper_eqs_n100_02.svg","C:\Users\leopo\.vscode\thesis_python\jobs\monomer\essential_results\08_114142_monomer_fig2_inhomogeneous_paper_eqs_n100\figures\freq_all_signals_real_imag_abs_monomer_fig2_inhomogeneous_paper_eqs_n100_02.svg"
"08_114130_monomer_fig2_inhomogeneous_paper_eqs_n10","C:\Users\leopo\.vscode\thesis_python\jobs\monomer\essential_results\08_114130_monomer_fig2_inhomogeneous_paper_eqs_n10\data\1d_inhom_averaged.npz","ok","0","C:\Users\leopo\.vscode\thesis_python\jobs\monomer\essential_results\08_114130_monomer_fig2_inhomogeneous_paper_eqs_n10\figures\time_all_signals_real_imag_abs_monomer_fig2_inhomogeneous_paper_eqs_n10_02.svg","C:\Users\leopo\.vscode\thesis_python\jobs\monomer\essential_results\08_114130_monomer_fig2_inhomogeneous_paper_eqs_n10\figures\freq_all_signals_real_imag_abs_monomer_fig2_inhomogeneous_paper_eqs_n10_02.svg"
"08_111444_monomer_fig4_T040_paper_eqs","C:\Users\leopo\.vscode\thesis_python\jobs\monomer\essential_results\08_111444_monomer_fig4_T040_paper_eqs\data\2d_inhom_averaged.npz","ok","0","C:\Users\leopo\.vscode\thesis_python\jobs\monomer\essential_results\08_111444_monomer_fig4_T040_paper_eqs\figures\time_all_signals_real_imag_abs_monomer_fig4_T040_paper_eqs_01.svg","C:\Users\leopo\.vscode\thesis_python\jobs\monomer\essential_results\08_111444_monomer_fig4_T040_paper_eqs\figures\freq_all_signals_real_imag_abs_monomer_fig4_T040_paper_eqs_01.svg"
"08_111438_monomer_fig4_T020_paper_eqs","C:\Users\leopo\.vscode\thesis_python\jobs\monomer\essential_results\08_111438_monomer_fig4_T020_paper_eqs\data\2d_inhom_averaged.npz","ok","0","C:\Users\leopo\.vscode\thesis_python\jobs\monomer\essential_results\08_111438_monomer_fig4_T020_paper_eqs\figures\time_all_signals_real_imag_abs_monomer_fig4_T020_paper_eqs_01.svg","C:\Users\leopo\.vscode\thesis_python\jobs\monomer\essential_results\08_111438_monomer_fig4_T020_paper_eqs\figures\freq_all_signals_real_imag_abs_monomer_fig4_T020_paper_eqs_01.svg"
"08_111432_monomer_fig4_T000_paper_eqs","C:\Users\leopo\.vscode\thesis_python\jobs\monomer\essential_results\08_111432_monomer_fig4_T000_paper_eqs\data\2d_inhom_averaged.npz","ok","0","C:\Users\leopo\.vscode\thesis_python\jobs\monomer\essential_results\08_111432_monomer_fig4_T000_paper_eqs\figures\time_all_signals_real_imag_abs_monomer_fig4_T000_paper_eqs_01.svg","C:\Users\leopo\.vscode\thesis_python\jobs\monomer\essential_results\08_111432_monomer_fig4_T000_paper_eqs\figures\freq_all_signals_real_imag_abs_monomer_fig4_T000_paper_eqs_01.svg"
"08_111427_monomer_fig3_T020_paper_eqs","C:\Users\leopo\.vscode\thesis_python\jobs\monomer\essential_results\08_111427_monomer_fig3_T020_paper_eqs\data\2d_inhom_averaged.npz","ok","0","C:\Users\leopo\.vscode\thesis_python\jobs\monomer\essential_results\08_111427_monomer_fig3_T020_paper_eqs\figures\time_all_signals_real_imag_abs_monomer_fig3_T020_paper_eqs_01.svg","C:\Users\leopo\.vscode\thesis_python\jobs\monomer\essential_results\08_111427_monomer_fig3_T020_paper_eqs\figures\freq_all_signals_real_imag_abs_monomer_fig3_T020_paper_eqs_01.svg"
"08_111423_monomer_fig3_T000_paper_eqs","C:\Users\leopo\.vscode\thesis_python\jobs\monomer\essential_results\08_111423_monomer_fig3_T000_paper_eqs\data\2d_inhom_averaged.npz","ok","0","C:\Users\leopo\.vscode\thesis_python\jobs\monomer\essential_results\08_111423_monomer_fig3_T000_paper_eqs\figures\time_all_signals_real_imag_abs_monomer_fig3_T000_paper_eqs_01.svg","C:\Users\leopo\.vscode\thesis_python\jobs\monomer\essential_results\08_111423_monomer_fig3_T000_paper_eqs\figures\freq_all_signals_real_imag_abs_monomer_fig3_T000_paper_eqs_01.svg"
"08_110420_monomer_fig3_T040_paper_eqs","C:\Users\leopo\.vscode\thesis_python\jobs\monomer\essential_results\08_110420_monomer_fig3_T040_paper_eqs\data\2d_inhom_averaged.npz","ok","0","C:\Users\leopo\.vscode\thesis_python\jobs\monomer\essential_results\08_110420_monomer_fig3_T040_paper_eqs\figures\time_all_signals_real_imag_abs_monomer_fig3_T040_paper_eqs_01.svg","C:\Users\leopo\.vscode\thesis_python\jobs\monomer\essential_results\08_110420_monomer_fig3_T040_paper_eqs\figures\freq_all_signals_real_imag_abs_monomer_fig3_T040_paper_eqs_01.svg"
"07_172315_monomer_fig4_T040_lindblad","C:\Users\leopo\.vscode\thesis_python\jobs\monomer\essential_results\07_172315_monomer_fig4_T040_lindblad\data\2d_inhom_averaged.npz","ok","0","C:\Users\leopo\.vscode\thesis_python\jobs\monomer\essential_results\07_172315_monomer_fig4_T040_lindblad\figures\time_all_signals_real_imag_abs_monomer_fig4_T040_lindblad_01.svg","C:\Users\leopo\.vscode\thesis_python\jobs\monomer\essential_results\07_172315_monomer_fig4_T040_lindblad\figures\freq_all_signals_real_imag_abs_monomer_fig4_T040_lindblad_01.svg"
"07_172302_monomer_fig4_T020_lindblad","C:\Users\leopo\.vscode\thesis_python\jobs\monomer\essential_results\07_172302_monomer_fig4_T020_lindblad\data\2d_inhom_averaged.npz","ok","0","C:\Users\leopo\.vscode\thesis_python\jobs\monomer\essential_results\07_172302_monomer_fig4_T020_lindblad\figures\time_all_signals_real_imag_abs_monomer_fig4_T020_lindblad_01.svg","C:\Users\leopo\.vscode\thesis_python\jobs\monomer\essential_results\07_172302_monomer_fig4_T020_lindblad\figures\freq_all_signals_real_imag_abs_monomer_fig4_T020_lindblad_01.svg"
"07_172248_monomer_fig4_T000_lindblad","C:\Users\leopo\.vscode\thesis_python\jobs\monomer\essential_results\07_172248_monomer_fig4_T000_lindblad\data\2d_inhom_averaged.npz","ok","0","C:\Users\leopo\.vscode\thesis_python\jobs\monomer\essential_results\07_172248_monomer_fig4_T000_lindblad\figures\time_all_signals_real_imag_abs_monomer_fig4_T000_lindblad_01.svg","C:\Users\leopo\.vscode\thesis_python\jobs\monomer\essential_results\07_172248_monomer_fig4_T000_lindblad\figures\freq_all_signals_real_imag_abs_monomer_fig4_T000_lindblad_01.svg"
"07_172238_monomer_fig3_T040_lindblad","C:\Users\leopo\.vscode\thesis_python\jobs\monomer\essential_results\07_172238_monomer_fig3_T040_lindblad\data\2d_inhom_averaged.npz","ok","0","C:\Users\leopo\.vscode\thesis_python\jobs\monomer\essential_results\07_172238_monomer_fig3_T040_lindblad\figures\time_all_signals_real_imag_abs_monomer_fig3_T040_lindblad_03.svg","C:\Users\leopo\.vscode\thesis_python\jobs\monomer\essential_results\07_172238_monomer_fig3_T040_lindblad\figures\freq_all_signals_real_imag_abs_monomer_fig3_T040_lindblad_03.svg"
"07_172229_monomer_fig3_T020_lindblad","C:\Users\leopo\.vscode\thesis_python\jobs\monomer\essential_results\07_172229_monomer_fig3_T020_lindblad\data\2d_inhom_averaged.npz","ok","0","C:\Users\leopo\.vscode\thesis_python\jobs\monomer\essential_results\07_172229_monomer_fig3_T020_lindblad\figures\time_all_signals_real_imag_abs_monomer_fig3_T020_lindblad_01.svg","C:\Users\leopo\.vscode\thesis_python\jobs\monomer\essential_results\07_172229_monomer_fig3_T020_lindblad\figures\freq_all_signals_real_imag_abs_monomer_fig3_T020_lindblad_01.svg"
"07_172218_monomer_fig3_T000_lindblad","C:\Users\leopo\.vscode\thesis_python\jobs\monomer\essential_results\07_172218_monomer_fig3_T000_lindblad\data\2d_inhom_averaged.npz","ok","0","C:\Users\leopo\.vscode\thesis_python\jobs\monomer\essential_results\07_172218_monomer_fig3_T000_lindblad\figures\time_all_signals_real_imag_abs_monomer_fig3_T000_lindblad_01.svg","C:\Users\leopo\.vscode\thesis_python\jobs\monomer\essential_results\07_172218_monomer_fig3_T000_lindblad\figures\freq_all_signals_real_imag_abs_monomer_fig3_T000_lindblad_01.svg"
"07_172209_monomer_fig2_inhomogeneous_lindblad_n100","C:\Users\leopo\.vscode\thesis_python\jobs\monomer\essential_results\07_172209_monomer_fig2_inhomogeneous_lindblad_n100\data\1d_inhom_averaged.npz","ok","0","C:\Users\leopo\.vscode\thesis_python\jobs\monomer\essential_results\07_172209_monomer_fig2_inhomogeneous_lindblad_n100\figures\time_all_signals_real_imag_abs_monomer_fig2_inhomogeneous_lindblad_n100_01.svg","C:\Users\leopo\.vscode\thesis_python\jobs\monomer\essential_results\07_172209_monomer_fig2_inhomogeneous_lindblad_n100\figures\freq_all_signals_real_imag_abs_monomer_fig2_inhomogeneous_lindblad_n100_01.svg"
"07_172159_monomer_fig2_inhomogeneous_lindblad_n10","C:\Users\leopo\.vscode\thesis_python\jobs\monomer\essential_results\07_172159_monomer_fig2_inhomogeneous_lindblad_n10\data\1d_inhom_averaged.npz","ok","0","C:\Users\leopo\.vscode\thesis_python\jobs\monomer\essential_results\07_172159_monomer_fig2_inhomogeneous_lindblad_n10\figures\time_all_signals_real_imag_abs_monomer_fig2_inhomogeneous_lindblad_n10_01.svg","C:\Users\leopo\.vscode\thesis_python\jobs\monomer\essential_results\07_172159_monomer_fig2_inhomogeneous_lindblad_n10\figures\freq_all_signals_real_imag_abs_monomer_fig2_inhomogeneous_lindblad_n10_01.svg"
"07_165352_monomer_fig2_inhomogeneous_lindblad_n1000","C:\Users\leopo\.vscode\thesis_python\jobs\monomer\essential_results\07_165352_monomer_fig2_inhomogeneous_lindblad_n1000\data\1d_inhom_averaged.npz","ok","0","C:\Users\leopo\.vscode\thesis_python\jobs\monomer\essential_results\07_165352_monomer_fig2_inhomogeneous_lindblad_n1000\figures\time_all_signals_real_imag_abs_monomer_fig2_inhomogeneous_lindblad_n1000_01.svg","C:\Users\leopo\.vscode\thesis_python\jobs\monomer\essential_results\07_165352_monomer_fig2_inhomogeneous_lindblad_n1000\figures\freq_all_signals_real_imag_abs_monomer_fig2_inhomogeneous_lindblad_n1000_01.svg"
"03_175155_monomer_fig4_T000_redfield_no_rwa_thermal","C:\Users\leopo\.vscode\thesis_python\jobs\monomer\essential_results\03_175155_monomer_fig4_T000_redfield_no_rwa_thermal\data\2d_inhom_averaged.npz","ok","0","C:\Users\leopo\.vscode\thesis_python\jobs\monomer\essential_results\03_175155_monomer_fig4_T000_redfield_no_rwa_thermal\figures\time_all_signals_real_imag_abs_monomer_fig4_T000_redfield_no_rwa_thermal_01.svg","C:\Users\leopo\.vscode\thesis_python\jobs\monomer\essential_results\03_175155_monomer_fig4_T000_redfield_no_rwa_thermal\figures\freq_all_signals_real_imag_abs_monomer_fig4_T000_redfield_no_rwa_thermal_01.svg"
"01_184055_monomer_fig4_T040_lindblad","C:\Users\leopo\.vscode\thesis_python\jobs\monomer\essential_results\01_184055_monomer_fig4_T040_lindblad\data\2d_inhom_averaged.npz","ok","0","C:\Users\leopo\.vscode\thesis_python\jobs\monomer\essential_results\01_184055_monomer_fig4_T040_lindblad\figures\time_all_signals_real_imag_abs_monomer_fig4_T040_lindblad_01.svg","C:\Users\leopo\.vscode\thesis_python\jobs\monomer\essential_results\01_184055_monomer_fig4_T040_lindblad\figures\freq_all_signals_real_imag_abs_monomer_fig4_T040_lindblad_01.svg"
"01_184037_monomer_fig4_T020_lindblad","C:\Users\leopo\.vscode\thesis_python\jobs\monomer\essential_results\01_184037_monomer_fig4_T020_lindblad\data\2d_inhom_averaged.npz","ok","0","C:\Users\leopo\.vscode\thesis_python\jobs\monomer\essential_results\01_184037_monomer_fig4_T020_lindblad\figures\time_all_signals_real_imag_abs_monomer_fig4_T020_lindblad_01.svg","C:\Users\leopo\.vscode\thesis_python\jobs\monomer\essential_results\01_184037_monomer_fig4_T020_lindblad\figures\freq_all_signals_real_imag_abs_monomer_fig4_T020_lindblad_01.svg"
"01_184031_monomer_fig4_T020_paper_eqs","C:\Users\leopo\.vscode\thesis_python\jobs\monomer\essential_results\01_184031_monomer_fig4_T020_paper_eqs\data\2d_inhom_averaged.npz","ok","0","C:\Users\leopo\.vscode\thesis_python\jobs\monomer\essential_results\01_184031_monomer_fig4_T020_paper_eqs\figures\time_all_signals_real_imag_abs_monomer_fig4_T020_paper_eqs_01.svg","C:\Users\leopo\.vscode\thesis_python\jobs\monomer\essential_results\01_184031_monomer_fig4_T020_paper_eqs\figures\freq_all_signals_real_imag_abs_monomer_fig4_T020_paper_eqs_01.svg"
"01_184018_monomer_fig4_T000_lindblad","C:\Users\leopo\.vscode\thesis_python\jobs\monomer\essential_results\01_184018_monomer_fig4_T000_lindblad\data\2d_inhom_averaged.npz","ok","0","C:\Users\leopo\.vscode\thesis_python\jobs\monomer\essential_results\01_184018_monomer_fig4_T000_lindblad\figures\time_all_signals_real_imag_abs_monomer_fig4_T000_lindblad_01.svg","C:\Users\leopo\.vscode\thesis_python\jobs\monomer\essential_results\01_184018_monomer_fig4_T000_lindblad\figures\freq_all_signals_real_imag_abs_monomer_fig4_T000_lindblad_01.svg"
"01_184012_monomer_fig4_T000_paper_eqs","C:\Users\leopo\.vscode\thesis_python\jobs\monomer\essential_results\01_184012_monomer_fig4_T000_paper_eqs\data\2d_inhom_averaged.npz","ok","0","C:\Users\leopo\.vscode\thesis_python\jobs\monomer\essential_results\01_184012_monomer_fig4_T000_paper_eqs\figures\time_all_signals_real_imag_abs_monomer_fig4_T000_paper_eqs_01.svg","C:\Users\leopo\.vscode\thesis_python\jobs\monomer\essential_results\01_184012_monomer_fig4_T000_paper_eqs\figures\freq_all_signals_real_imag_abs_monomer_fig4_T000_paper_eqs_01.svg"
"01_181835_monomer_fig4_T000_lindblad","C:\Users\leopo\.vscode\thesis_python\jobs\monomer\essential_results\01_181835_monomer_fig4_T000_lindblad\data\2d_inhom_averaged.npz","ok","0","C:\Users\leopo\.vscode\thesis_python\jobs\monomer\essential_results\01_181835_monomer_fig4_T000_lindblad\figures\time_all_signals_real_imag_abs_monomer_fig4_T000_lindblad_01.svg","C:\Users\leopo\.vscode\thesis_python\jobs\monomer\essential_results\01_181835_monomer_fig4_T000_lindblad\figures\freq_all_signals_real_imag_abs_monomer_fig4_T000_lindblad_01.svg"
"01_181830_monomer_fig4_T000_paper_eqs","C:\Users\leopo\.vscode\thesis_python\jobs\monomer\essential_results\01_181830_monomer_fig4_T000_paper_eqs\data\2d_inhom_averaged.npz","ok","0","C:\Users\leopo\.vscode\thesis_python\jobs\monomer\essential_results\01_181830_monomer_fig4_T000_paper_eqs\figures\time_all_signals_real_imag_abs_monomer_fig4_T000_paper_eqs_01.svg","C:\Users\leopo\.vscode\thesis_python\jobs\monomer\essential_results\01_181830_monomer_fig4_T000_paper_eqs\figures\freq_all_signals_real_imag_abs_monomer_fig4_T000_paper_eqs_01.svg"
